{
  "firstLayout": "",
  "gdVersion": {
    "build": 97,
    "major": 4,
    "minor": 0,
    "revision": 0
  },
  "properties": {
    "folderProject": false,
    "linuxExecutableFilename": "",
    "macExecutableFilename": "",
    "orientation": "landscape",
    "packageName": "com.example.gamename",
    "projectFile": "C:\\Users\\gabrielpires\\Desktop\\Jogos-Digitais-master\\TP0\\game.json",
    "sizeOnStartupMode": "adaptWidth",
    "useExternalSourceFiles": false,
    "version": "0.0.1",
    "winExecutableFilename": "",
    "winExecutableIconFile": "",
    "name": "Twinstick Shooter",
    "author": "Gabriel H. S. Pires",
    "windowWidth": 1280,
    "windowHeight": 720,
    "latestCompilationDirectory": "",
    "maxFPS": 60,
    "minFPS": 10,
    "verticalSync": false,
    "platformSpecificAssets": {},
    "loadingScreen": {
      "showGDevelopSplash": false
    },
    "extensions": [
      {
        "name": "BuiltinObject"
      },
      {
        "name": "BuiltinAudio"
      },
      {
        "name": "BuiltinVariables"
      },
      {
        "name": "BuiltinTime"
      },
      {
        "name": "BuiltinMouse"
      },
      {
        "name": "BuiltinKeyboard"
      },
      {
        "name": "BuiltinJoystick"
      },
      {
        "name": "BuiltinCamera"
      },
      {
        "name": "BuiltinWindow"
      },
      {
        "name": "BuiltinFile"
      },
      {
        "name": "BuiltinNetwork"
      },
      {
        "name": "BuiltinScene"
      },
      {
        "name": "BuiltinAdvanced"
      },
      {
        "name": "Sprite"
      },
      {
        "name": "BuiltinCommonInstructions"
      },
      {
        "name": "BuiltinCommonConversions"
      },
      {
        "name": "BuiltinStringInstructions"
      },
      {
        "name": "BuiltinMathematicalTools"
      },
      {
        "name": "BuiltinExternalLayouts"
      }
    ],
    "platforms": [
      {
        "name": "GDevelop JS platform"
      }
    ],
    "currentPlatform": "GDevelop JS platform"
  },
  "resources": {
    "resources": [
      {
        "alwaysLoaded": false,
        "file": "img/background.jpg",
        "kind": "image",
        "name": "background.jpg",
        "smoothed": true,
        "userAdded": false
      },
      {
        "alwaysLoaded": false,
        "file": "img/tile-1.png",
        "kind": "image",
        "name": "tile-1.png",
        "smoothed": true,
        "userAdded": false
      },
      {
        "alwaysLoaded": false,
        "file": "img/Image-1.png",
        "kind": "image",
        "name": "Image-1.png",
        "smoothed": true,
        "userAdded": true
      },
      {
        "alwaysLoaded": false,
        "file": "img/player.png",
        "kind": "image",
        "name": "player.png",
        "smoothed": true,
        "userAdded": true
      },
      {
        "alwaysLoaded": false,
        "file": "img/player_32.png",
        "kind": "image",
        "name": "player_32.png",
        "smoothed": true,
        "userAdded": true
      },
      {
        "alwaysLoaded": false,
        "file": "img/enemy.png",
        "kind": "image",
        "name": "enemy.png",
        "smoothed": true,
        "userAdded": false
      },
      {
        "alwaysLoaded": false,
        "file": "img/Enemy-1.png",
        "kind": "image",
        "name": "Enemy-1.png",
        "smoothed": true,
        "userAdded": false
      },
      {
        "alwaysLoaded": false,
        "file": "img/Enemy-1-0.png",
        "kind": "image",
        "name": "Enemy-1-0.png",
        "smoothed": true,
        "userAdded": true
      },
      {
        "alwaysLoaded": false,
        "file": "img/Enemy-2.png",
        "kind": "image",
        "name": "Enemy-2.png",
        "smoothed": true,
        "userAdded": true
      },
      {
        "alwaysLoaded": false,
        "file": "img/Enemy-3.png",
        "kind": "image",
        "name": "Enemy-3.png",
        "smoothed": true,
        "userAdded": true
      },
      {
        "alwaysLoaded": false,
        "file": "img/Enemy-4.png",
        "kind": "image",
        "name": "Enemy-4.png",
        "smoothed": true,
        "userAdded": true
      },
      {
        "alwaysLoaded": false,
        "file": "img/Enemy-5.png",
        "kind": "image",
        "name": "Enemy-5.png",
        "smoothed": true,
        "userAdded": true
      },
      {
        "alwaysLoaded": false,
        "file": "img/Enemy-1-1.png",
        "kind": "image",
        "name": "Enemy-1-1.png",
        "smoothed": true,
        "userAdded": true
      },
      {
        "alwaysLoaded": false,
        "file": "NewObject-1.png",
        "kind": "image",
        "name": "NewObject-1.png",
        "smoothed": true,
        "userAdded": false
      },
      {
        "alwaysLoaded": false,
        "file": "Image-1-0.png",
        "kind": "image",
        "name": "Image-1-0.png",
        "smoothed": true,
        "userAdded": true
      },
      {
        "alwaysLoaded": false,
        "file": "img/PlayerBullet.png",
        "kind": "image",
        "name": "PlayerBullet.png",
        "smoothed": true,
        "userAdded": true
      },
      {
        "alwaysLoaded": false,
        "file": "img/HealthBar-1.png",
        "kind": "image",
        "name": "HealthBar-1.png",
        "smoothed": true,
        "userAdded": true
      },
      {
        "file": "snd/Mattashi_Lost_in_Pixels.mp3",
        "kind": "audio",
        "name": "Mattashi_Lost_in_Pixels.mp3",
        "userAdded": true
      },
      {
        "alwaysLoaded": false,
        "file": "img/background.png",
        "kind": "image",
        "name": "background.png",
        "smoothed": true,
        "userAdded": false
      },
      {
        "file": "snd/explosion.mp3",
        "kind": "audio",
        "name": "explosion.mp3",
        "userAdded": true
      }
    ],
    "resourceFolders": []
  },
  "objects": [],
  "objectsGroups": [],
  "variables": [
    {
      "name": "gameover",
      "value": ""
    }
  ],
  "layouts": [
    {
      "b": 0,
      "disableInputWhenNotFocused": true,
      "mangledName": "GameMenu",
      "name": "GameMenu",
      "oglFOV": 90,
      "oglZFar": 500,
      "oglZNear": 1,
      "r": 0,
      "standardSortMethod": true,
      "stopSoundsOnStartup": true,
      "title": "",
      "v": 0,
      "uiSettings": {
        "grid": false,
        "gridB": 255,
        "gridG": 180,
        "gridHeight": 32,
        "gridOffsetX": 0,
        "gridOffsetY": 0,
        "gridR": 158,
        "gridWidth": 32,
        "snap": true,
        "windowMask": false,
        "zoomFactor": 1
      },
      "objectsGroups": [],
      "variables": [],
      "instances": [
        {
          "angle": 0,
          "customSize": false,
          "height": 0,
          "layer": "",
          "locked": false,
          "name": "Play_TXT",
          "width": 0,
          "x": 640,
          "y": 311,
          "zOrder": 1,
          "numberProperties": [],
          "stringProperties": [],
          "initialVariables": []
        }
      ],
      "objects": [
        {
          "bold": true,
          "italic": false,
          "name": "Play_TXT",
          "smoothed": true,
          "type": "TextObject::Text",
          "underlined": false,
          "variables": [],
          "behaviors": [],
          "string": "Play!",
          "font": "",
          "characterSize": 40,
          "color": {
            "b": 255,
            "g": 255,
            "r": 255
          }
        }
      ],
      "events": [
        {
          "disabled": false,
          "folded": false,
          "type": "BuiltinCommonInstructions::Standard",
          "conditions": [
            {
              "type": {
                "inverted": false,
                "value": "SourisSurObjet"
              },
              "parameters": [
                "Play_TXT",
                "",
                "",
                ""
              ],
              "subInstructions": []
            },
            {
              "type": {
                "inverted": false,
                "value": "SourisBouton"
              },
              "parameters": [
                "",
                "Left"
              ],
              "subInstructions": []
            }
          ],
          "actions": [
            {
              "type": {
                "inverted": false,
                "value": "Scene"
              },
              "parameters": [
                "",
                "\"GameScene\"",
                ""
              ],
              "subInstructions": []
            }
          ],
          "events": []
        }
      ],
      "layers": [
        {
          "name": "",
          "visibility": true,
          "cameras": [
            {
              "defaultSize": true,
              "defaultViewport": true,
              "height": 0,
              "viewportBottom": 1,
              "viewportLeft": 0,
              "viewportRight": 1,
              "viewportTop": 0,
              "width": 0
            }
          ],
          "effects": []
        }
      ],
      "behaviorsSharedData": []
    },
    {
      "b": 0,
      "disableInputWhenNotFocused": true,
      "mangledName": "GameScene",
      "name": "GameScene",
      "oglFOV": 90,
      "oglZFar": 500,
      "oglZNear": 1,
      "r": 0,
      "standardSortMethod": true,
      "stopSoundsOnStartup": true,
      "title": "",
      "v": 0,
      "uiSettings": {
        "grid": false,
        "gridB": 255,
        "gridG": 180,
        "gridHeight": 32,
        "gridOffsetX": 0,
        "gridOffsetY": 0,
        "gridR": 158,
        "gridWidth": 32,
        "snap": true,
        "windowMask": false,
        "zoomFactor": 1
      },
      "objectsGroups": [],
      "variables": [
        {
          "name": "rand_x",
          "value": ""
        },
        {
          "name": "rand_y",
          "value": ""
        }
      ],
      "instances": [
        {
          "angle": 0,
          "customSize": false,
          "height": 0,
          "layer": "",
          "locked": false,
          "name": "time",
          "width": 0,
          "x": -313.187,
          "y": -11.3397,
          "zOrder": 1,
          "numberProperties": [],
          "stringProperties": [],
          "initialVariables": []
        },
        {
          "angle": 0,
          "customSize": false,
          "height": 0,
          "layer": "",
          "locked": false,
          "name": "Player",
          "width": 0,
          "x": 640,
          "y": 360,
          "zOrder": 2,
          "numberProperties": [],
          "stringProperties": [],
          "initialVariables": []
        },
        {
          "angle": 0,
          "customSize": false,
          "height": 0,
          "layer": "",
          "locked": false,
          "name": "GameOver_TXT",
          "width": 0,
          "x": 482,
          "y": 182,
          "zOrder": 7,
          "numberProperties": [],
          "stringProperties": [],
          "initialVariables": []
        },
        {
          "angle": 0,
          "customSize": false,
          "height": 0,
          "layer": "",
          "locked": false,
          "name": "HitCount_TXT",
          "width": 0,
          "x": 64,
          "y": 47,
          "zOrder": 14,
          "numberProperties": [],
          "stringProperties": [],
          "initialVariables": []
        },
        {
          "angle": 0,
          "customSize": false,
          "height": 0,
          "layer": "",
          "locked": false,
          "name": "HealthBar",
          "width": 0,
          "x": 55,
          "y": 50,
          "zOrder": 16,
          "numberProperties": [],
          "stringProperties": [],
          "initialVariables": []
        },
        {
          "angle": 0,
          "customSize": false,
          "height": 0,
          "layer": "",
          "locked": false,
          "name": "Health_TXT",
          "width": 0,
          "x": 16,
          "y": 48,
          "zOrder": 18,
          "numberProperties": [],
          "stringProperties": [],
          "initialVariables": []
        },
        {
          "angle": 0,
          "customSize": true,
          "height": 1084.42,
          "layer": "BackgroundLayer",
          "locked": false,
          "name": "Background",
          "width": 1818.77,
          "x": -251,
          "y": -178,
          "zOrder": 0,
          "numberProperties": [],
          "stringProperties": [],
          "initialVariables": []
        },
        {
          "angle": 0,
          "customSize": false,
          "height": 0,
          "layer": "",
          "locked": false,
          "name": "GameTime",
          "width": 0,
          "x": 659.472,
          "y": -122.933,
          "zOrder": 19,
          "numberProperties": [],
          "stringProperties": [],
          "initialVariables": []
        },
        {
          "angle": 0,
          "customSize": true,
          "height": 774,
          "layer": "",
          "locked": false,
          "name": "Walls",
          "width": 32,
          "x": -18,
          "y": -29,
          "zOrder": 20,
          "numberProperties": [],
          "stringProperties": [],
          "initialVariables": []
        },
        {
          "angle": 0,
          "customSize": true,
          "height": 774,
          "layer": "",
          "locked": false,
          "name": "Walls",
          "width": 32,
          "x": 1365,
          "y": -30,
          "zOrder": 20,
          "numberProperties": [],
          "stringProperties": [],
          "initialVariables": []
        },
        {
          "angle": 0,
          "customSize": true,
          "height": 32,
          "layer": "",
          "locked": false,
          "name": "Walls",
          "width": 1422,
          "x": -25,
          "y": 708,
          "zOrder": 21,
          "numberProperties": [],
          "stringProperties": [],
          "initialVariables": []
        },
        {
          "angle": 0,
          "customSize": true,
          "height": 32,
          "layer": "",
          "locked": false,
          "name": "Walls",
          "width": 1422,
          "x": -27,
          "y": -20,
          "zOrder": 21,
          "numberProperties": [],
          "stringProperties": [],
          "initialVariables": []
        },
        {
          "angle": 0,
          "customSize": false,
          "height": 0,
          "layer": "",
          "locked": false,
          "name": "EnemySpawn",
          "width": 0,
          "x": 642,
          "y": 361,
          "zOrder": 22,
          "numberProperties": [],
          "stringProperties": [],
          "initialVariables": []
        }
      ],
      "objects": [
        {
          "name": "Player",
          "type": "Sprite",
          "updateIfNotVisible": false,
          "variables": [
            {
              "name": "speed",
              "value": ""
            },
            {
              "name": "health",
              "value": ""
            }
          ],
          "behaviors": [
            {
              "angularDamping": 0.1,
              "autoResizing": false,
              "averageFriction": 0.8,
              "averageRestitution": 0,
              "coordsList": "",
              "dynamic": true,
              "fixedRotation": false,
              "isBullet": false,
              "linearDamping": 2,
              "massDensity": 1,
              "name": "Physics",
              "polygonHeight": 200,
              "polygonWidth": 200,
              "positioning": "OnCenter",
              "shapeType": "Circle",
              "type": "PhysicsBehavior::PhysicsBehavior"
            }
          ],
          "animations": [
            {
              "name": "Player",
              "useMultipleDirections": false,
              "directions": [
                {
                  "looping": false,
                  "timeBetweenFrames": 1,
                  "sprites": [
                    {
                      "hasCustomCollisionMask": false,
                      "image": "player_32.png",
                      "points": [],
                      "originPoint": {
                        "name": "origine",
                        "x": 16,
                        "y": 16
                      },
                      "centerPoint": {
                        "automatic": true,
                        "name": "centre",
                        "x": 0,
                        "y": 0
                      },
                      "customCollisionMask": []
                    }
                  ]
                }
              ]
            }
          ]
        },
        {
          "name": "PlayerBullet",
          "type": "Sprite",
          "updateIfNotVisible": false,
          "variables": [],
          "behaviors": [],
          "animations": [
            {
              "name": "NewObject",
              "useMultipleDirections": false,
              "directions": [
                {
                  "looping": false,
                  "timeBetweenFrames": 1,
                  "sprites": [
                    {
                      "hasCustomCollisionMask": true,
                      "image": "PlayerBullet.png",
                      "points": [],
                      "originPoint": {
                        "name": "origine",
                        "x": 0,
                        "y": 6
                      },
                      "centerPoint": {
                        "automatic": true,
                        "name": "centre",
                        "x": 0,
                        "y": 0
                      },
                      "customCollisionMask": [
                        [
                          {
                            "x": 0,
                            "y": 2
                          },
                          {
                            "x": 11,
                            "y": 2
                          },
                          {
                            "x": 11,
                            "y": 9
                          },
                          {
                            "x": 0,
                            "y": 9
                          }
                        ]
                      ]
                    }
                  ]
                }
              ]
            }
          ]
        },
        {
          "name": "Enemy",
          "type": "Sprite",
          "updateIfNotVisible": false,
          "variables": [],
          "behaviors": [
            {
              "angularDamping": 0.1,
              "autoResizing": false,
              "averageFriction": 0.8,
              "averageRestitution": 0,
              "coordsList": "",
              "dynamic": true,
              "fixedRotation": false,
              "isBullet": false,
              "linearDamping": 0.1,
              "massDensity": 0.7,
              "name": "Physics",
              "polygonHeight": 200,
              "polygonWidth": 200,
              "positioning": "OnCenter",
              "shapeType": "Circle",
              "type": "PhysicsBehavior::PhysicsBehavior"
            }
          ],
          "animations": [
            {
              "name": "",
              "useMultipleDirections": false,
              "directions": [
                {
                  "looping": false,
                  "timeBetweenFrames": 1,
                  "sprites": [
                    {
                      "hasCustomCollisionMask": false,
                      "image": "enemy.png",
                      "points": [],
                      "originPoint": {
                        "name": "origine",
                        "x": 0,
                        "y": 0
                      },
                      "centerPoint": {
                        "automatic": true,
                        "name": "centre",
                        "x": 0,
                        "y": 0
                      },
                      "customCollisionMask": [
                        [
                          {
                            "x": 10,
                            "y": 0
                          },
                          {
                            "x": 32,
                            "y": 10
                          },
                          {
                            "x": 32,
                            "y": 32
                          },
                          {
                            "x": 0,
                            "y": 32
                          },
                          {
                            "x": 0,
                            "y": 0
                          },
                          {
                            "x": 22,
                            "y": 0
                          },
                          {
                            "x": 0,
                            "y": 22
                          },
                          {
                            "x": 10,
                            "y": 32
                          }
                        ]
                      ]
                    }
                  ]
                }
              ]
            },
            {
              "name": "Spawning",
              "useMultipleDirections": false,
              "directions": [
                {
                  "looping": false,
                  "timeBetweenFrames": 0.2,
                  "sprites": [
                    {
                      "hasCustomCollisionMask": false,
                      "image": "Enemy-1-1.png",
                      "points": [],
                      "originPoint": {
                        "name": "origine",
                        "x": 0,
                        "y": 0
                      },
                      "centerPoint": {
                        "automatic": true,
                        "name": "centre",
                        "x": 0,
                        "y": 0
                      },
                      "customCollisionMask": [
                        [
                          {
                            "x": 10,
                            "y": 0
                          },
                          {
                            "x": 32,
                            "y": 10
                          },
                          {
                            "x": 32,
                            "y": 32
                          },
                          {
                            "x": 0,
                            "y": 32
                          },
                          {
                            "x": 0,
                            "y": 0
                          },
                          {
                            "x": 22,
                            "y": 0
                          },
                          {
                            "x": 0,
                            "y": 22
                          },
                          {
                            "x": 10,
                            "y": 32
                          }
                        ]
                      ]
                    },
                    {
                      "hasCustomCollisionMask": false,
                      "image": "Enemy-2.png",
                      "points": [],
                      "originPoint": {
                        "name": "origine",
                        "x": 0,
                        "y": 0
                      },
                      "centerPoint": {
                        "automatic": true,
                        "name": "centre",
                        "x": 0,
                        "y": 0
                      },
                      "customCollisionMask": [
                        [
                          {
                            "x": 10,
                            "y": 0
                          },
                          {
                            "x": 32,
                            "y": 10
                          },
                          {
                            "x": 32,
                            "y": 32
                          },
                          {
                            "x": 0,
                            "y": 32
                          },
                          {
                            "x": 0,
                            "y": 0
                          },
                          {
                            "x": 22,
                            "y": 0
                          },
                          {
                            "x": 0,
                            "y": 22
                          },
                          {
                            "x": 10,
                            "y": 32
                          }
                        ]
                      ]
                    },
                    {
                      "hasCustomCollisionMask": false,
                      "image": "Enemy-3.png",
                      "points": [],
                      "originPoint": {
                        "name": "origine",
                        "x": 0,
                        "y": 0
                      },
                      "centerPoint": {
                        "automatic": true,
                        "name": "centre",
                        "x": 0,
                        "y": 0
                      },
                      "customCollisionMask": [
                        [
                          {
                            "x": 10,
                            "y": 0
                          },
                          {
                            "x": 32,
                            "y": 10
                          },
                          {
                            "x": 32,
                            "y": 32
                          },
                          {
                            "x": 0,
                            "y": 32
                          },
                          {
                            "x": 0,
                            "y": 0
                          },
                          {
                            "x": 22,
                            "y": 0
                          },
                          {
                            "x": 0,
                            "y": 22
                          },
                          {
                            "x": 10,
                            "y": 32
                          }
                        ]
                      ]
                    },
                    {
                      "hasCustomCollisionMask": false,
                      "image": "Enemy-4.png",
                      "points": [],
                      "originPoint": {
                        "name": "origine",
                        "x": 0,
                        "y": 0
                      },
                      "centerPoint": {
                        "automatic": true,
                        "name": "centre",
                        "x": 0,
                        "y": 0
                      },
                      "customCollisionMask": [
                        [
                          {
                            "x": 10,
                            "y": 0
                          },
                          {
                            "x": 32,
                            "y": 10
                          },
                          {
                            "x": 32,
                            "y": 32
                          },
                          {
                            "x": 0,
                            "y": 32
                          },
                          {
                            "x": 0,
                            "y": 0
                          },
                          {
                            "x": 22,
                            "y": 0
                          },
                          {
                            "x": 0,
                            "y": 22
                          },
                          {
                            "x": 10,
                            "y": 32
                          }
                        ]
                      ]
                    },
                    {
                      "hasCustomCollisionMask": false,
                      "image": "Enemy-5.png",
                      "points": [],
                      "originPoint": {
                        "name": "origine",
                        "x": 0,
                        "y": 0
                      },
                      "centerPoint": {
                        "automatic": true,
                        "name": "centre",
                        "x": 0,
                        "y": 0
                      },
                      "customCollisionMask": [
                        [
                          {
                            "x": 10,
                            "y": 0
                          },
                          {
                            "x": 32,
                            "y": 10
                          },
                          {
                            "x": 32,
                            "y": 32
                          },
                          {
                            "x": 0,
                            "y": 32
                          },
                          {
                            "x": 0,
                            "y": 0
                          },
                          {
                            "x": 22,
                            "y": 0
                          },
                          {
                            "x": 0,
                            "y": 22
                          },
                          {
                            "x": 10,
                            "y": 32
                          }
                        ]
                      ]
                    },
                    {
                      "hasCustomCollisionMask": false,
                      "image": "Enemy-1-0.png",
                      "points": [],
                      "originPoint": {
                        "name": "origine",
                        "x": 0,
                        "y": 0
                      },
                      "centerPoint": {
                        "automatic": true,
                        "name": "centre",
                        "x": 0,
                        "y": 0
                      },
                      "customCollisionMask": [
                        [
                          {
                            "x": 10,
                            "y": 0
                          },
                          {
                            "x": 32,
                            "y": 10
                          },
                          {
                            "x": 32,
                            "y": 32
                          },
                          {
                            "x": 0,
                            "y": 32
                          },
                          {
                            "x": 0,
                            "y": 0
                          },
                          {
                            "x": 22,
                            "y": 0
                          },
                          {
                            "x": 0,
                            "y": 22
                          },
                          {
                            "x": 10,
                            "y": 32
                          }
                        ]
                      ]
                    }
                  ]
                }
              ]
            }
          ]
        },
        {
          "additive": false,
          "alphaParam": "Mutable",
          "angleParam": "Mutable",
          "blueParam": "Random",
          "destroyWhenNoParticles": true,
          "emissionEditionSimpleMode": true,
          "emitterAngleA": 0,
          "emitterAngleB": 0,
          "emitterForceMax": 0,
          "emitterForceMin": 0,
          "emitterXDirection": 0,
          "emitterYDirection": 1,
          "emitterZDirection": 0,
          "flow": 1,
          "friction": 0,
          "gravityEditionSimpleMode": true,
          "greenParam": "Random",
          "maxParticleNb": 1,
          "name": "EnemySpawn",
          "particleAlpha1": 255,
          "particleAlpha2": 0,
          "particleAlphaRandomness1": 0,
          "particleAlphaRandomness2": 0,
          "particleAngle1": 0,
          "particleAngle2": 0,
          "particleAngleRandomness1": 0,
          "particleAngleRandomness2": 0,
          "particleBlue1": 51,
          "particleBlue2": 0,
          "particleEditionSimpleMode": true,
          "particleGravityX": 0,
          "particleGravityY": 0,
          "particleGravityZ": 0,
          "particleGreen1": 51,
          "particleGreen2": 0,
          "particleLifeTimeMax": 2,
          "particleLifeTimeMin": 2,
          "particleRed1": 255,
          "particleRed2": 128,
          "particleSize1": 200,
          "particleSize2": 0,
          "particleSizeRandomness1": 0,
          "particleSizeRandomness2": 0,
          "redParam": "Enabled",
          "rendererParam1": 10,
          "rendererParam2": 1,
          "rendererType": "Point",
          "sizeParam": "Mutable",
          "tank": -1,
          "textureParticleName": "",
          "type": "ParticleSystem::ParticleEmitter",
          "zoneRadius": 0,
          "variables": [],
          "behaviors": []
        },
        {
          "additive": false,
          "alphaParam": "Mutable",
          "angleParam": "Mutable",
          "blueParam": "Random",
          "destroyWhenNoParticles": true,
          "emissionEditionSimpleMode": true,
          "emitterAngleA": 0,
          "emitterAngleB": 360,
          "emitterForceMax": 30,
          "emitterForceMin": 30,
          "emitterXDirection": 0,
          "emitterYDirection": 1,
          "emitterZDirection": 0,
          "flow": 60,
          "friction": 2,
          "gravityEditionSimpleMode": true,
          "greenParam": "Random",
          "maxParticleNb": 30,
          "name": "ExplosionParticles",
          "particleAlpha1": 204,
          "particleAlpha2": 0,
          "particleAlphaRandomness1": 0,
          "particleAlphaRandomness2": 0,
          "particleAngle1": 0,
          "particleAngle2": 0,
          "particleAngleRandomness1": 0,
          "particleAngleRandomness2": 0,
          "particleBlue1": 51,
          "particleBlue2": 0,
          "particleEditionSimpleMode": true,
          "particleGravityX": 0,
          "particleGravityY": 0,
          "particleGravityZ": 0,
          "particleGreen1": 51,
          "particleGreen2": 255,
          "particleLifeTimeMax": 1,
          "particleLifeTimeMin": 0.5,
          "particleRed1": 255,
          "particleRed2": 255,
          "particleSize1": 100,
          "particleSize2": 100,
          "particleSizeRandomness1": 0,
          "particleSizeRandomness2": 0,
          "redParam": "Enabled",
          "rendererParam1": 10,
          "rendererParam2": 2,
          "rendererType": "Point",
          "sizeParam": "Mutable",
          "tank": 10,
          "textureParticleName": "",
          "type": "ParticleSystem::ParticleEmitter",
          "zoneRadius": 1,
          "variables": [],
          "behaviors": []
        },
        {
          "additive": false,
          "alphaParam": "Mutable",
          "angleParam": "Mutable",
          "blueParam": "Random",
          "destroyWhenNoParticles": true,
          "emissionEditionSimpleMode": true,
          "emitterAngleA": 0,
          "emitterAngleB": 360,
          "emitterForceMax": 500,
          "emitterForceMin": 500,
          "emitterXDirection": 0,
          "emitterYDirection": 1,
          "emitterZDirection": 0,
          "flow": 60,
          "friction": 2,
          "gravityEditionSimpleMode": true,
          "greenParam": "Random",
          "maxParticleNb": 30,
          "name": "ExplosionLines",
          "particleAlpha1": 204,
          "particleAlpha2": 0,
          "particleAlphaRandomness1": 0,
          "particleAlphaRandomness2": 0,
          "particleAngle1": 0,
          "particleAngle2": 0,
          "particleAngleRandomness1": 0,
          "particleAngleRandomness2": 0,
          "particleBlue1": 51,
          "particleBlue2": 0,
          "particleEditionSimpleMode": true,
          "particleGravityX": 0,
          "particleGravityY": 0,
          "particleGravityZ": 0,
          "particleGreen1": 51,
          "particleGreen2": 255,
          "particleLifeTimeMax": 1,
          "particleLifeTimeMin": 0.5,
          "particleRed1": 255,
          "particleRed2": 255,
          "particleSize1": 100,
          "particleSize2": 100,
          "particleSizeRandomness1": 0,
          "particleSizeRandomness2": 0,
          "redParam": "Enabled",
          "rendererParam1": 20,
          "rendererParam2": 2,
          "rendererType": "Line",
          "sizeParam": "Mutable",
          "tank": 10,
          "textureParticleName": "",
          "type": "ParticleSystem::ParticleEmitter",
          "zoneRadius": 1,
          "variables": [],
          "behaviors": []
        },
        {
          "bold": true,
          "italic": false,
          "name": "GameOver_TXT",
          "smoothed": true,
          "type": "TextObject::Text",
          "underlined": false,
          "variables": [],
          "behaviors": [],
          "string": "GAME OVER",
          "font": "",
          "characterSize": 50,
          "color": {
            "b": 0,
            "g": 0,
            "r": 197
          }
        },
        {
          "bold": false,
          "italic": false,
          "name": "Health_TXT",
          "smoothed": true,
          "type": "TextObject::Text",
          "underlined": false,
          "variables": [],
          "behaviors": [],
          "string": "HP:",
          "font": "",
          "characterSize": 20,
          "color": {
            "b": 255,
            "g": 255,
            "r": 255
          }
        },
        {
          "bold": false,
          "italic": false,
          "name": "GameTime_TXT",
          "smoothed": true,
          "type": "TextObject::Text",
          "underlined": false,
          "variables": [],
          "behaviors": [],
          "string": "00:00",
          "font": "",
          "characterSize": 40,
          "color": {
            "b": 255,
            "g": 255,
            "r": 255
          }
        },
        {
          "height": 20,
          "name": "HealthBar",
          "texture": "HealthBar-1.png",
          "type": "TiledSpriteObject::TiledSprite",
          "width": 500,
          "variables": [],
          "behaviors": []
        },
        {
          "height": 140,
          "name": "Background",
          "texture": "background.png",
          "type": "TiledSpriteObject::TiledSprite",
          "width": 80,
          "variables": [],
          "behaviors": []
        },
        {
          "height": 32,
          "name": "Walls",
          "texture": "HealthBar-1.png",
          "type": "TiledSpriteObject::TiledSprite",
          "width": 32,
          "variables": [],
          "behaviors": [
            {
              "angularDamping": 0.1,
              "autoResizing": false,
              "averageFriction": 0.8,
              "averageRestitution": 0,
              "coordsList": "",
              "dynamic": false,
              "fixedRotation": false,
              "isBullet": false,
              "linearDamping": 0.1,
              "massDensity": 1,
              "name": "Physics",
              "polygonHeight": 200,
              "polygonWidth": 200,
              "positioning": "OnCenter",
              "shapeType": "Box",
              "type": "PhysicsBehavior::PhysicsBehavior"
            }
          ]
        }
      ],
      "events": [
        {
          "disabled": false,
          "folded": false,
          "type": "BuiltinCommonInstructions::Comment",
          "color": {
            "b": 109,
            "g": 230,
            "r": 255,
            "textB": 0,
            "textG": 0,
            "textR": 0
          },
          "comment": "Initialization of the game variables",
          "comment2": ""
        },
        {
          "disabled": false,
          "folded": false,
          "type": "BuiltinCommonInstructions::Standard",
          "conditions": [
            {
              "type": {
                "inverted": false,
                "value": "DepartScene"
              },
              "parameters": [
                ""
              ],
              "subInstructions": []
            }
          ],
          "actions": [
            {
              "type": {
                "inverted": false,
                "value": "Cache"
              },
              "parameters": [
                "GameOver_TXT"
              ],
              "subInstructions": []
            },
            {
              "type": {
                "inverted": false,
                "value": "ModVarGlobal"
              },
              "parameters": [
                "gameover",
                "=",
                "0"
              ],
              "subInstructions": []
            },
            {
              "type": {
                "inverted": false,
                "value": "ModVarObjet"
              },
              "parameters": [
                "Player",
                "health",
                "=",
                "100"
              ],
              "subInstructions": []
            },
            {
              "type": {
                "inverted": false,
                "value": "PlayMusic"
              },
              "parameters": [
                "",
                "Mattashi_Lost_in_Pixels.mp3",
                "yes",
                "",
                ""
              ],
              "subInstructions": []
            },
            {
              "type": {
                "inverted": false,
                "value": "ResetTimer"
              },
              "parameters": [
                "",
                "\"GameTimer\""
              ],
              "subInstructions": []
            }
          ],
          "events": []
        },
        {
          "disabled": false,
          "folded": false,
          "type": "BuiltinCommonInstructions::Comment",
          "color": {
            "b": 109,
            "g": 230,
            "r": 255,
            "textB": 0,
            "textG": 0,
            "textR": 0
          },
          "comment": "Game Loop",
          "comment2": ""
        },
        {
          "disabled": false,
          "folded": false,
          "type": "BuiltinCommonInstructions::Standard",
          "conditions": [
            {
              "type": {
                "inverted": true,
                "value": "DepartScene"
              },
              "parameters": [
                ""
              ],
              "subInstructions": []
            }
          ],
          "actions": [],
          "events": [
            {
              "disabled": false,
              "folded": false,
              "type": "BuiltinCommonInstructions::Standard",
              "conditions": [
                {
                  "type": {
                    "inverted": false,
                    "value": "CollisionNP"
                  },
                  "parameters": [
                    "Enemy",
                    "Player",
                    "Player.Y()",
                    ""
                  ],
                  "subInstructions": []
                },
                {
                  "type": {
                    "inverted": false,
                    "value": "Timer"
                  },
                  "parameters": [
                    "",
                    "0.5",
                    "\"DamageImmunity\""
                  ],
                  "subInstructions": []
                }
              ],
              "actions": [
                {
                  "type": {
                    "inverted": false,
                    "value": "ModVarObjet"
                  },
                  "parameters": [
                    "Player",
                    "health",
                    "-",
                    "5"
                  ],
                  "subInstructions": []
                },
                {
                  "type": {
                    "inverted": false,
                    "value": "ResetTimer"
                  },
                  "parameters": [
                    "",
                    "\"DamageImmunity\""
                  ],
                  "subInstructions": []
                }
              ],
              "events": []
            },
            {
              "disabled": false,
              "folded": false,
              "type": "BuiltinCommonInstructions::Standard",
              "conditions": [
                {
                  "type": {
                    "inverted": false,
                    "value": "VarObjet"
                  },
                  "parameters": [
                    "Player",
                    "health",
                    "=",
                    "0"
                  ],
                  "subInstructions": []
                }
              ],
              "actions": [
                {
                  "type": {
                    "inverted": false,
                    "value": "Montre"
                  },
                  "parameters": [
                    "GameOver_TXT",
                    ""
                  ],
                  "subInstructions": []
                },
                {
                  "type": {
                    "inverted": false,
                    "value": "Quit"
                  },
                  "parameters": [
                    ""
                  ],
                  "subInstructions": []
                }
              ],
              "events": []
            },
            {
              "disabled": false,
              "folded": false,
              "type": "BuiltinCommonInstructions::Standard",
              "conditions": [],
              "actions": [
                {
                  "type": {
                    "inverted": false,
                    "value": "TiledSpriteObject::Width"
                  },
                  "parameters": [
                    "HealthBar",
                    "=",
                    "Player.Variable(health)*5"
                  ],
                  "subInstructions": []
                }
              ],
              "events": []
            }
          ]
        },
        {
          "disabled": false,
          "folded": false,
          "type": "BuiltinCommonInstructions::Comment",
          "color": {
            "b": 109,
            "g": 230,
            "r": 255,
            "textB": 0,
            "textG": 0,
            "textR": 0
          },
          "comment": "============ PLAYER ============",
          "comment2": ""
        },
        {
          "disabled": false,
          "folded": false,
          "type": "BuiltinCommonInstructions::Comment",
          "color": {
            "b": 109,
            "g": 230,
            "r": 255,
            "textB": 0,
            "textG": 0,
            "textR": 0
          },
          "comment": "Player Movement",
          "comment2": ""
        },
        {
          "disabled": false,
          "folded": false,
          "type": "BuiltinCommonInstructions::Standard",
          "conditions": [
            {
              "type": {
                "inverted": false,
                "value": "VarScene"
              },
              "parameters": [
                "",
                "=",
                "0"
              ],
              "subInstructions": []
            }
          ],
          "actions": [
            {
              "type": {
                "inverted": false,
                "value": "RotateTowardPosition"
              },
              "parameters": [
                "Player",
                "MouseX(\"\",0)",
                "MouseY(\"\",0)",
                "0",
                ""
              ],
              "subInstructions": []
            }
          ],
          "events": []
        },
        {
          "disabled": false,
          "folded": false,
          "type": "BuiltinCommonInstructions::Standard",
          "conditions": [],
          "actions": [
            {
              "type": {
                "inverted": false,
                "value": "ModVarObjet"
              },
              "parameters": [
                "Player",
                "speed",
                "=",
                "0.35"
              ],
              "subInstructions": []
            }
          ],
          "events": []
        },
        {
          "disabled": false,
          "folded": false,
          "type": "BuiltinCommonInstructions::Standard",
          "conditions": [],
          "actions": [
            {
              "type": {
                "inverted": false,
                "value": "PhysicsBehavior::SetGravity"
              },
              "parameters": [
                "Player",
                "Physics",
                "0",
                "0",
                ""
              ],
              "subInstructions": []
            }
          ],
          "events": []
        },
        {
          "disabled": false,
          "folded": false,
          "type": "BuiltinCommonInstructions::Standard",
          "conditions": [
            {
              "type": {
                "inverted": false,
                "value": "KeyPressed"
              },
              "parameters": [
                "",
                "w"
              ],
              "subInstructions": []
            }
          ],
          "actions": [
            {
              "type": {
                "inverted": false,
                "value": "PhysicsBehavior::ApplyForce"
              },
              "parameters": [
                "Player",
                "Physics",
                "0",
                "-Player.Variable(speed)",
                ""
              ],
              "subInstructions": []
            }
          ],
          "events": []
        },
        {
          "disabled": false,
          "folded": false,
          "type": "BuiltinCommonInstructions::Standard",
          "conditions": [
            {
              "type": {
                "inverted": false,
                "value": "KeyPressed"
              },
              "parameters": [
                "",
                "a"
              ],
              "subInstructions": []
            }
          ],
          "actions": [
            {
              "type": {
                "inverted": false,
                "value": "PhysicsBehavior::ApplyForce"
              },
              "parameters": [
                "Player",
                "Physics",
                "-Player.Variable(speed)",
                "0",
                ""
              ],
              "subInstructions": []
            }
          ],
          "events": []
        },
        {
          "disabled": false,
          "folded": false,
          "type": "BuiltinCommonInstructions::Standard",
          "conditions": [
            {
              "type": {
                "inverted": false,
                "value": "KeyPressed"
              },
              "parameters": [
                "",
                "s"
              ],
              "subInstructions": []
            }
          ],
          "actions": [
            {
              "type": {
                "inverted": false,
                "value": "PhysicsBehavior::ApplyForce"
              },
              "parameters": [
                "Player",
                "Physics",
                "0",
                "Player.Variable(speed)",
                ""
              ],
              "subInstructions": []
            }
          ],
          "events": []
        },
        {
          "disabled": false,
          "folded": false,
          "type": "BuiltinCommonInstructions::Standard",
          "conditions": [
            {
              "type": {
                "inverted": false,
                "value": "KeyPressed"
              },
              "parameters": [
                "",
                "d"
              ],
              "subInstructions": []
            }
          ],
          "actions": [
            {
              "type": {
                "inverted": false,
                "value": "PhysicsBehavior::ApplyForce"
              },
              "parameters": [
                "Player",
                "Physics",
                "Player.Variable(speed)",
                "0",
                ""
              ],
              "subInstructions": []
            }
          ],
          "events": [
            {
              "disabled": false,
              "folded": false,
              "type": "BuiltinCommonInstructions::Comment",
              "color": {
                "b": 109,
                "g": 230,
                "r": 255,
                "textB": 0,
                "textG": 0,
                "textR": 0
              },
              "comment": "Player Shooting",
              "comment2": ""
            }
          ]
        },
        {
          "disabled": false,
          "folded": false,
          "type": "BuiltinCommonInstructions::Standard",
          "conditions": [
            {
              "type": {
                "inverted": false,
                "value": "SourisBouton"
              },
              "parameters": [
                "",
                "Left"
              ],
              "subInstructions": []
            },
            {
              "type": {
                "inverted": false,
                "value": "VarObjet"
              },
              "parameters": [
                "Player",
                "health",
                ">",
                "0"
              ],
              "subInstructions": []
            },
            {
              "type": {
                "inverted": false,
                "value": "Timer"
              },
              "parameters": [
                "",
                "0.10",
                "\"ShootingInterval\""
              ],
              "subInstructions": []
            }
          ],
          "actions": [
            {
              "type": {
                "inverted": false,
                "value": "Create"
              },
              "parameters": [
                "",
                "PlayerBullet",
                "Player.X()",
                "Player.Y()",
                "\"\""
              ],
              "subInstructions": []
            },
            {
              "type": {
                "inverted": false,
                "value": "RotateTowardPosition"
              },
              "parameters": [
                "PlayerBullet",
                "MouseX(\"\",0)",
                "MouseY(\"\",0)",
                "",
                ""
              ],
              "subInstructions": []
            },
            {
              "type": {
                "inverted": false,
                "value": "AddForceVersPos"
              },
              "parameters": [
                "PlayerBullet",
                "MouseX(\"\",0)",
                "MouseY(\"\",0)",
                "1000",
                "1"
              ],
              "subInstructions": []
            },
            {
              "type": {
                "inverted": false,
                "value": "ResetTimer"
              },
              "parameters": [
                "",
                "\"ShootingInterval\""
              ],
              "subInstructions": []
            }
          ],
          "events": []
        },
        {
          "disabled": false,
          "folded": false,
          "type": "BuiltinCommonInstructions::Comment",
          "color": {
            "b": 109,
            "g": 230,
            "r": 255,
            "textB": 0,
            "textG": 0,
            "textR": 0
          },
          "comment": "============ ENEMY ============",
          "comment2": ""
        },
        {
          "disabled": false,
          "folded": false,
          "type": "BuiltinCommonInstructions::Comment",
          "color": {
            "b": 109,
            "g": 230,
            "r": 255,
            "textB": 0,
            "textG": 0,
            "textR": 0
          },
          "comment": "Enemy movement",
          "comment2": ""
        },
        {
          "disabled": false,
          "folded": false,
          "type": "BuiltinCommonInstructions::Standard",
          "conditions": [
            {
              "type": {
                "inverted": true,
                "value": "DepartScene"
              },
              "parameters": [
                ""
              ],
              "subInstructions": []
            }
          ],
          "actions": [
            {
              "type": {
                "inverted": false,
                "value": "AddForceVers"
              },
              "parameters": [
                "Enemy",
                "Player",
                "150",
                "0"
              ],
              "subInstructions": []
            }
          ],
          "events": []
        },
        {
          "disabled": false,
          "folded": false,
          "type": "BuiltinCommonInstructions::Standard",
          "conditions": [
            {
              "type": {
                "inverted": false,
                "value": "CollisionNP"
              },
              "parameters": [
                "Enemy",
                "PlayerBullet",
                "",
                ""
              ],
              "subInstructions": []
            }
          ],
          "actions": [
            {
              "type": {
                "inverted": false,
                "value": "Create"
              },
              "parameters": [
                "Enemy",
                "ExplosionLines",
                "Enemy.X()",
                "Enemy.Y()",
                "\"\""
              ],
              "subInstructions": []
            },
            {
              "type": {
                "inverted": false,
                "value": "Create"
              },
              "parameters": [
                "Enemy",
                "ExplosionParticles",
                "Enemy.X()",
                "Enemy.Y()",
                "\"\""
              ],
              "subInstructions": []
            },
            {
              "type": {
                "inverted": false,
                "value": "Delete"
              },
              "parameters": [
                "PlayerBullet",
                ""
              ],
              "subInstructions": []
            },
            {
              "type": {
                "inverted": false,
                "value": "Delete"
              },
              "parameters": [
                "Enemy",
                ""
              ],
              "subInstructions": []
            },
            {
              "type": {
                "inverted": false,
                "value": "PlaySound"
              },
              "parameters": [
                "",
                "explosion.mp3",
                "",
                "50",
                "1.2"
              ],
              "subInstructions": []
            }
          ],
          "events": []
        },
        {
          "disabled": false,
          "folded": false,
          "type": "BuiltinCommonInstructions::Comment",
          "color": {
            "b": 109,
            "g": 230,
            "r": 255,
            "textB": 0,
            "textG": 0,
            "textR": 0
          },
          "comment": "Enemy Spawning",
          "comment2": ""
        },
        {
          "disabled": false,
          "folded": false,
          "type": "BuiltinCommonInstructions::Standard",
          "conditions": [
            {
              "type": {
                "inverted": false,
                "value": "Timer"
              },
              "parameters": [
                "",
                "2",
                "\"Enemy Spawning\""
              ],
              "subInstructions": []
            },
            {
              "type": {
                "inverted": true,
                "value": "DepartScene"
              },
              "parameters": [
                ""
              ],
              "subInstructions": []
            }
          ],
          "actions": [
            {
              "type": {
                "inverted": false,
                "value": "ResetTimer"
              },
              "parameters": [
                "",
                "\"Enemy Spawning\""
              ],
              "subInstructions": []
            }
          ],
          "events": [
            {
              "disabled": false,
              "folded": false,
              "type": "BuiltinCommonInstructions::Repeat",
              "repeatExpression": "4",
              "conditions": [],
              "actions": [
                {
                  "type": {
                    "inverted": false,
                    "value": "ModVarScene"
                  },
                  "parameters": [
                    "rand_x",
                    "=",
                    "50+Random(1180)"
                  ],
                  "subInstructions": []
                },
                {
                  "type": {
                    "inverted": false,
                    "value": "ModVarScene"
                  },
                  "parameters": [
                    "rand_y",
                    "=",
                    "50+Random(620)"
                  ],
                  "subInstructions": []
                },
                {
                  "type": {
                    "inverted": false,
                    "value": "Create"
                  },
                  "parameters": [
                    "",
                    "EnemySpawn",
                    "Variable(rand_x)",
                    "Variable(rand_y)",
                    ""
                  ],
                  "subInstructions": []
                },
                {
                  "type": {
                    "inverted": false,
                    "value": "Create"
                  },
                  "parameters": [
                    "",
                    "Enemy",
                    "Variable(rand_x)",
                    "Variable(rand_y)",
                    "\"\""
                  ],
                  "subInstructions": []
                }
              ],
              "events": []
            }
          ]
        },
        {
          "disabled": true,
          "folded": false,
          "type": "BuiltinCommonInstructions::Standard",
          "conditions": [],
          "actions": [
            {
              "type": {
                "inverted": false,
                "value": "Create"
              },
              "parameters": [
                "",
                "EnemySpawn",
                "50+Random(1180)",
                "50+Random(620)",
                ""
              ],
              "subInstructions": []
            },
            {
              "type": {
                "inverted": false,
                "value": "Create"
              },
              "parameters": [
                "",
                "Enemy",
                "EnemySpawn.X()",
                "EnemySpawn.Y()",
                "\"\""
              ],
              "subInstructions": []
            },
            {
              "type": {
                "inverted": false,
                "value": "Create"
              },
              "parameters": [
                "",
                "EnemySpawn",
                "50+Random(1180)",
                "50+Random(620)",
                ""
              ],
              "subInstructions": []
            },
            {
              "type": {
                "inverted": false,
                "value": "Create"
              },
              "parameters": [
                "",
                "Enemy",
                "EnemySpawn.X()",
                "EnemySpawn.Y()",
                "\"\""
              ],
              "subInstructions": []
            },
            {
              "type": {
                "inverted": false,
                "value": "Create"
              },
              "parameters": [
                "",
                "EnemySpawn",
                "50+Random(1180)",
                "50+Random(620)",
                ""
              ],
              "subInstructions": []
            },
            {
              "type": {
                "inverted": false,
                "value": "Create"
              },
              "parameters": [
                "",
                "Enemy",
                "EnemySpawn.X()",
                "EnemySpawn.Y()",
                "\"\""
              ],
              "subInstructions": []
            }
          ],
          "events": []
        },
        {
          "disabled": false,
          "folded": false,
          "type": "BuiltinCommonInstructions::Standard",
          "conditions": [],
          "actions": [],
          "events": []
        }
      ],
      "layers": [
        {
          "name": "BackgroundLayer",
          "visibility": true,
          "cameras": [],
          "effects": []
        },
        {
          "name": "",
          "visibility": true,
          "cameras": [
            {
              "defaultSize": true,
              "defaultViewport": true,
              "height": 0,
              "viewportBottom": 1,
              "viewportLeft": 0,
              "viewportRight": 1,
              "viewportTop": 0,
              "width": 0
            }
          ],
          "effects": []
        }
      ],
      "behaviorsSharedData": [
        {
          "gravityX": 0,
          "gravityY": 9,
          "name": "Physics",
          "scaleX": 100,
          "scaleY": 100,
          "type": "PhysicsBehavior::PhysicsBehavior"
        }
      ]
    }
  ],
  "externalEvents": [],
  "externalLayouts": [],
  "externalSourceFiles": []
}